[
  {
    "id": "380f1626-6229-4275-b830-5d43c05594cc",
    "data": [
      {
        "text": "3",
        "meta": "@adiccion_opccion",
        "alias": "adiccion_opccion",
        "userDefined": false
      }
    ],
    "isTemplate": false,
    "count": 0,
    "lang": "es",
    "updated": 0
  },
  {
    "id": "39b483c7-8a94-476a-a0ce-0a9b9e244bcc",
    "data": [
      {
        "text": "elijo el ",
        "userDefined": false
      },
      {
        "text": "3",
        "meta": "@adiccion_opccion",
        "alias": "adiccion_opccion",
        "userDefined": true
      }
    ],
    "isTemplate": false,
    "count": 0,
    "lang": "es",
    "updated": 0
  },
  {
    "id": "d3840c20-f9b0-4f2b-9012-3c6cb642478f",
    "data": [
      {
        "text": "selecciono el ",
        "userDefined": false
      },
      {
        "text": "tercero",
        "meta": "@adiccion_opccion",
        "alias": "adiccion_opccion",
        "userDefined": true
      }
    ],
    "isTemplate": false,
    "count": 0,
    "lang": "es",
    "updated": 0
  },
  {
    "id": "690c8ac4-96e4-4689-a911-2d2e28693eea",
    "data": [
      {
        "text": "el ",
        "userDefined": false
      },
      {
        "text": "tercero",
        "meta": "@adiccion_opccion",
        "alias": "adiccion_opccion",
        "userDefined": true
      }
    ],
    "isTemplate": false,
    "count": 0,
    "lang": "es",
    "updated": 0
  },
  {
    "id": "333822c5-d801-4ba4-9ac3-b06e01996ba1",
    "data": [
      {
        "text": "ver ",
        "userDefined": false
      },
      {
        "text": "3",
        "meta": "@adiccion_opccion",
        "alias": "adiccion_opccion",
        "userDefined": true
      }
    ],
    "isTemplate": false,
    "count": 0,
    "lang": "es",
    "updated": 0
  },
  {
    "id": "5b1c6b33-38a8-40b0-8ead-859be13aa8bd",
    "data": [
      {
        "text": "elijo el ",
        "userDefined": false
      },
      {
        "text": "tercero",
        "meta": "@adiccion_opccion",
        "alias": "adiccion_opccion",
        "userDefined": true
      }
    ],
    "isTemplate": false,
    "count": 0,
    "lang": "es",
    "updated": 0
  },
  {
    "id": "290f2836-c967-4481-9623-f26df367026d",
    "data": [
      {
        "text": "número ",
        "userDefined": false
      },
      {
        "text": "3",
        "meta": "@adiccion_opccion",
        "alias": "adiccion_opccion",
        "userDefined": true
      }
    ],
    "isTemplate": false,
    "count": 0,
    "lang": "es",
    "updated": 0
  },
  {
    "id": "f4b1fdb9-e135-4329-acd1-3619cc0b506b",
    "data": [
      {
        "text": "muéstrame el ",
        "userDefined": false
      },
      {
        "text": "tercero",
        "meta": "@adiccion_opccion",
        "alias": "adiccion_opccion",
        "userDefined": true
      }
    ],
    "isTemplate": false,
    "count": 0,
    "lang": "es",
    "updated": 0
  }
]