[
  {
    "id": "29aeb917-3f85-4f2f-9bb1-7763a4931199",
    "data": [
      {
        "text": "me siento mejor",
        "userDefined": false
      }
    ],
    "isTemplate": false,
    "count": 0,
    "lang": "es",
    "updated": 0
  },
  {
    "id": "62666585-170c-4ebd-b62b-45f9fe811827",
    "data": [
      {
        "text": "si gracias",
        "userDefined": false
      }
    ],
    "isTemplate": false,
    "count": 0,
    "lang": "es",
    "updated": 0
  },
  {
    "id": "ac21df5c-888c-471a-90d3-9d8022befab2",
    "data": [
      {
        "text": "si",
        "userDefined": false
      }
    ],
    "isTemplate": false,
    "count": 0,
    "lang": "es",
    "updated": 0
  },
  {
    "id": "ca0c8dd3-953b-43e9-9785-6422b390f528",
    "data": [
      {
        "text": "por supuesto",
        "userDefined": false
      }
    ],
    "isTemplate": false,
    "count": 0,
    "lang": "es",
    "updated": 0
  },
  {
    "id": "93ea8745-8571-41a3-a191-d2ea4da90171",
    "data": [
      {
        "text": "claro que si",
        "userDefined": false
      }
    ],
    "isTemplate": false,
    "count": 0,
    "lang": "es",
    "updated": 0
  }
]