[
  {
    "id": "9d333538-b99c-46fd-9e04-37270e63db3f",
    "data": [
      {
        "text": "no ",
        "userDefined": false
      },
      {
        "text": "sirves",
        "userDefined": false
      },
      {
        "text": " para nada",
        "userDefined": false
      }
    ],
    "isTemplate": false,
    "count": 0,
    "lang": "es",
    "updated": 0
  },
  {
    "id": "ba8bfc3b-dfb6-4617-bfdc-f82cfef5c6a2",
    "data": [
      {
        "text": "para nada",
        "userDefined": false
      }
    ],
    "isTemplate": false,
    "count": 0,
    "lang": "es",
    "updated": 0
  },
  {
    "id": "83fa7ecd-3947-4c8c-8848-28b367a87dda",
    "data": [
      {
        "text": "es enserio",
        "userDefined": false
      },
      {
        "text": "?",
        "userDefined": false
      }
    ],
    "isTemplate": false,
    "count": 0,
    "lang": "es",
    "updated": 0
  },
  {
    "id": "9b4e89a0-545f-45f2-b332-0aa086c97348",
    "data": [
      {
        "text": "no mucho",
        "userDefined": false
      }
    ],
    "isTemplate": false,
    "count": 0,
    "lang": "es",
    "updated": 0
  },
  {
    "id": "ebabb28d-ac4a-4a93-90d4-8dd64784781d",
    "data": [
      {
        "text": "no",
        "userDefined": false
      }
    ],
    "isTemplate": false,
    "count": 1,
    "lang": "es",
    "updated": 0
  },
  {
    "id": "d6107d8e-b525-477b-8139-e0d14bf3b2cb",
    "data": [
      {
        "text": "gracias pero no",
        "userDefined": false
      }
    ],
    "isTemplate": false,
    "count": 0,
    "lang": "es",
    "updated": 0
  }
]