[
  {
    "id": "a3d4bad4-8075-4730-b357-21d06afb2ecc",
    "data": [
      {
        "text": "claro que no",
        "userDefined": false
      }
    ],
    "isTemplate": false,
    "count": 0,
    "lang": "es",
    "updated": 0
  },
  {
    "id": "119d9d0b-18b2-4c30-be3b-4526b27fec18",
    "data": [
      {
        "text": "me siento peor",
        "userDefined": false
      }
    ],
    "isTemplate": false,
    "count": 0,
    "lang": "es",
    "updated": 0
  },
  {
    "id": "c471c479-40d0-471e-8c01-0b624d32d59f",
    "data": [
      {
        "text": "para nada",
        "userDefined": false
      }
    ],
    "isTemplate": false,
    "count": 0,
    "lang": "es",
    "updated": 0
  },
  {
    "id": "6ec3f85b-e622-44b1-ae65-b3a19781cd4d",
    "data": [
      {
        "text": "no lo creo",
        "userDefined": false
      }
    ],
    "isTemplate": false,
    "count": 0,
    "lang": "es",
    "updated": 0
  },
  {
    "id": "10fe646c-6bb3-427c-ae99-63e398c390ee",
    "data": [
      {
        "text": "no",
        "userDefined": false
      }
    ],
    "isTemplate": false,
    "count": 0,
    "lang": "es",
    "updated": 0
  }
]