[
  {
    "id": "de05ad83-67c2-42b1-a3c1-8adcdb18b299",
    "data": [
      {
        "text": "JAIME",
        "meta": "@sys.person",
        "alias": "person",
        "userDefined": false
      }
    ],
    "isTemplate": false,
    "count": 0,
    "lang": "es",
    "updated": 0
  },
  {
    "id": "9f7c5360-bb6b-4149-93c7-3681057dc300",
    "data": [
      {
        "text": "soy ",
        "userDefined": false
      },
      {
        "text": "Carlos",
        "meta": "@sys.person",
        "alias": "person",
        "userDefined": true
      }
    ],
    "isTemplate": false,
    "count": 0,
    "lang": "es",
    "updated": 0
  },
  {
    "id": "5db45c2a-d52d-4161-ad26-40fced4a2d48",
    "data": [
      {
        "text": "me llamo ",
        "userDefined": false
      },
      {
        "text": "Esteban",
        "meta": "@sys.person",
        "alias": "person",
        "userDefined": false
      }
    ],
    "isTemplate": false,
    "count": 0,
    "lang": "es",
    "updated": 0
  },
  {
    "id": "8e1e4188-d8a2-492f-92a0-e7e9888ec8f0",
    "data": [
      {
        "text": "soy ",
        "userDefined": false
      },
      {
        "text": "Maria",
        "meta": "@sys.person",
        "alias": "person",
        "userDefined": false
      }
    ],
    "isTemplate": false,
    "count": 0,
    "lang": "es",
    "updated": 0
  },
  {
    "id": "2213220e-3ec9-4717-b0bc-4dfa2d947bfb",
    "data": [
      {
        "text": "Esteban",
        "meta": "@sys.person",
        "alias": "person",
        "userDefined": false
      }
    ],
    "isTemplate": false,
    "count": 0,
    "lang": "es",
    "updated": 0
  },
  {
    "id": "24a1a093-f70f-4c96-be72-c9eac509c4d1",
    "data": [
      {
        "text": "rodrigo",
        "meta": "@sys.person",
        "alias": "person",
        "userDefined": false
      }
    ],
    "isTemplate": false,
    "count": 0,
    "lang": "es",
    "updated": 0
  },
  {
    "id": "b812b338-f70c-4a39-a790-2f3a55364435",
    "data": [
      {
        "text": "soy ",
        "userDefined": false
      },
      {
        "text": "Pedro",
        "meta": "@sys.person",
        "alias": "person",
        "userDefined": false
      }
    ],
    "isTemplate": false,
    "count": 0,
    "lang": "es",
    "updated": 0
  },
  {
    "id": "db43454a-bf8b-4b4b-9917-3a2ad71ee686",
    "data": [
      {
        "text": "soy ",
        "userDefined": false
      },
      {
        "text": "mario",
        "meta": "@sys.person",
        "alias": "person",
        "userDefined": false
      }
    ],
    "isTemplate": false,
    "count": 0,
    "lang": "es",
    "updated": 0
  }
]