[
  {
    "id": "28face87-5da8-40d6-85d8-061cef16bceb",
    "data": [
      {
        "text": "me siento peor",
        "userDefined": false
      }
    ],
    "isTemplate": false,
    "count": 0,
    "lang": "es",
    "updated": 0
  },
  {
    "id": "7b552794-cac1-4c89-9d7f-593e8b5c084f",
    "data": [
      {
        "text": "no gracias",
        "userDefined": false
      }
    ],
    "isTemplate": false,
    "count": 0,
    "lang": "es",
    "updated": 0
  },
  {
    "id": "c1ad8bc7-6480-411a-8f16-2c67eda3e8a2",
    "data": [
      {
        "text": "no lo creo",
        "userDefined": false
      }
    ],
    "isTemplate": false,
    "count": 0,
    "lang": "es",
    "updated": 0
  },
  {
    "id": "9b4e89a0-545f-45f2-b332-0aa086c97348",
    "data": [
      {
        "text": "no mucho",
        "userDefined": false
      }
    ],
    "isTemplate": false,
    "count": 0,
    "lang": "es",
    "updated": 0
  },
  {
    "id": "ebabb28d-ac4a-4a93-90d4-8dd64784781d",
    "data": [
      {
        "text": "no",
        "userDefined": false
      }
    ],
    "isTemplate": false,
    "count": 1,
    "lang": "es",
    "updated": 0
  },
  {
    "id": "d6107d8e-b525-477b-8139-e0d14bf3b2cb",
    "data": [
      {
        "text": "gracias pero no",
        "userDefined": false
      }
    ],
    "isTemplate": false,
    "count": 0,
    "lang": "es",
    "updated": 0
  }
]