[
  {
    "id": "6e793ab6-5512-4176-af1c-4fc42e631398",
    "data": [
      {
        "text": "1",
        "meta": "@depresion_opcion",
        "alias": "depresion_opcion",
        "userDefined": false
      }
    ],
    "isTemplate": false,
    "count": 0,
    "lang": "es",
    "updated": 0
  },
  {
    "id": "3a5456e5-b730-427b-bed4-1bf5c3571e7d",
    "data": [
      {
        "text": "elijo el ",
        "userDefined": false
      },
      {
        "text": "1",
        "meta": "@depresion_opcion",
        "alias": "depresion_opcion",
        "userDefined": false
      }
    ],
    "isTemplate": false,
    "count": 0,
    "lang": "es",
    "updated": 0
  },
  {
    "id": "4737672c-55c1-4c49-9c61-1d1a9bd18d39",
    "data": [
      {
        "text": "selecciono el ",
        "userDefined": false
      },
      {
        "text": "primero",
        "meta": "@depresion_opcion",
        "alias": "depresion_opcion",
        "userDefined": false
      }
    ],
    "isTemplate": false,
    "count": 0,
    "lang": "es",
    "updated": 0
  },
  {
    "id": "20975ffc-d6aa-4582-a76c-3f4f94cb19b4",
    "data": [
      {
        "text": "el ",
        "userDefined": false
      },
      {
        "text": "primero",
        "meta": "@depresion_opcion",
        "alias": "depresion_opcion",
        "userDefined": false
      }
    ],
    "isTemplate": false,
    "count": 0,
    "lang": "es",
    "updated": 0
  },
  {
    "id": "1041d189-a677-4ea0-b091-5c17c80f6955",
    "data": [
      {
        "text": "ver ",
        "userDefined": false
      },
      {
        "text": "1",
        "meta": "@depresion_opcion",
        "alias": "depresion_opcion",
        "userDefined": false
      }
    ],
    "isTemplate": false,
    "count": 0,
    "lang": "es",
    "updated": 0
  },
  {
    "id": "27b6ba07-09fc-4137-8fe1-4d022b3180d3",
    "data": [
      {
        "text": "elijo el ",
        "userDefined": false
      },
      {
        "text": "primero",
        "meta": "@depresion_opcion",
        "alias": "depresion_opcion",
        "userDefined": false
      }
    ],
    "isTemplate": false,
    "count": 0,
    "lang": "es",
    "updated": 0
  },
  {
    "id": "4cc71851-3cf8-48a6-9602-803eaf956be0",
    "data": [
      {
        "text": "numero ",
        "userDefined": false
      },
      {
        "text": "1",
        "meta": "@depresion_opcion",
        "alias": "depresion_opcion",
        "userDefined": false
      }
    ],
    "isTemplate": false,
    "count": 0,
    "lang": "es",
    "updated": 0
  }
]