[
  {
    "id": "dad88a84-b6ea-4985-afc5-0c89bf035e33",
    "data": [
      {
        "text": "lo mejor",
        "userDefined": false
      }
    ],
    "isTemplate": false,
    "count": 0,
    "lang": "es",
    "updated": 0
  },
  {
    "id": "fc07b39d-4b54-4e38-a380-5cf7c8ea77ac",
    "data": [
      {
        "text": "si gracias",
        "userDefined": false
      }
    ],
    "isTemplate": false,
    "count": 0,
    "lang": "es",
    "updated": 0
  },
  {
    "id": "6a8efc30-ee55-4d71-9112-c1d03384d7a9",
    "data": [
      {
        "text": "me siento mejor",
        "userDefined": false
      }
    ],
    "isTemplate": false,
    "count": 0,
    "lang": "es",
    "updated": 0
  },
  {
    "id": "18770ff4-946e-4d41-b48a-83674f4a54e1",
    "data": [
      {
        "text": "sí",
        "userDefined": false
      }
    ],
    "isTemplate": false,
    "count": 0,
    "lang": "es",
    "updated": 0
  },
  {
    "id": "a68d5373-9517-4a76-827a-fb2d6878dc9f",
    "data": [
      {
        "text": "por supuesto",
        "userDefined": false
      }
    ],
    "isTemplate": false,
    "count": 0,
    "lang": "es",
    "updated": 0
  },
  {
    "id": "9b66ae00-e575-432a-b3fb-9ef8b14c2bc7",
    "data": [
      {
        "text": "claro que sí",
        "userDefined": false
      }
    ],
    "isTemplate": false,
    "count": 0,
    "lang": "es",
    "updated": 0
  }
]