[
  {
    "id": "8f78355e-4739-421a-9c67-07a3eefa44fe",
    "data": [
      {
        "text": "si gracias",
        "userDefined": false
      }
    ],
    "isTemplate": false,
    "count": 0,
    "lang": "es",
    "updated": 0
  },
  {
    "id": "18770ff4-946e-4d41-b48a-83674f4a54e1",
    "data": [
      {
        "text": "sí",
        "userDefined": false
      }
    ],
    "isTemplate": false,
    "count": 0,
    "lang": "es",
    "updated": 0
  },
  {
    "id": "a68d5373-9517-4a76-827a-fb2d6878dc9f",
    "data": [
      {
        "text": "por supuesto",
        "userDefined": false
      }
    ],
    "isTemplate": false,
    "count": 0,
    "lang": "es",
    "updated": 0
  },
  {
    "id": "9b66ae00-e575-432a-b3fb-9ef8b14c2bc7",
    "data": [
      {
        "text": "claro que sí",
        "userDefined": false
      }
    ],
    "isTemplate": false,
    "count": 0,
    "lang": "es",
    "updated": 0
  }
]